Id,revenue
3001,27502588
3002,9463158
3003,12901004
3004,21910864
3005,10655954
3006,19874750
3007,10614368
3008,63069436
3009,51356664
3010,370432060
3011,8637202
3012,7302182
3013,31677490
3014,8676498
3015,51422390
3016,4595117.5
3017,110822270
3018,175489310
3019,49856000
3020,736549000
3021,70144780
3022,68467180
3023,2210889.8
3024,43384340
3025,4845404
3026,182600690
3027,25424436
3028,77216420
3029,8638618
3030,37727268
3031,32100524
3032,20579504
3033,6238393
3034,14884346
3035,12218556
3036,5770796.5
3037,127258984
3038,48132636
3039,52607356
3040,4613362.5
3041,49102724
3042,10350486
3043,56644944
3044,16695806
3045,503163420
3046,7640928.5
3047,7041662.5
3048,48779416
3049,28480690
3050,43385616
3051,6574810.5
3052,41560956
3053,5031616
3054,15739266
3055,93358210
3056,6013507.5
3057,59372764
3058,677878140
3059,12784396
3060,129083990
3061,95418456
3062,83735944
3063,35857244
3064,182926180
3065,50384156
3066,95543064
3067,21957230
3068,71020296
3069,239811800
3070,12990042
3071,41762840
3072,650539400
3073,15586388
3074,7260448.5
3075,65600256
3076,190848510
3077,24201472
3078,102681580
3079,110128840
3080,161601870
3081,31641230
3082,19044488
3083,32920920
3084,5081596
3085,16648952
3086,85960260
3087,5610449
3088,11927544
3089,9142466
3090,69814200
3091,31140294
3092,8281619
3093,388209900
3094,145157500
3095,43826828
3096,21671550
3097,909464960
3098,38633696
3099,85714450
3100,14186678
3101,28938132
3102,13212968
3103,4791736
3104,9661852
3105,126670180
3106,90568980
3107,43157944
3108,20071130
3109,41022750
3110,511406750
3111,14969564
3112,7506353.5
3113,23581828
3114,37124810
3115,68418936
3116,17715798
3117,8773082
3118,23369886
3119,195274530
3120,240250750
3121,10289252
3122,20648192
3123,55471010
3124,14733788
3125,7512141
3126,79856620
3127,31223434
3128,91768660
3129,258092560
3130,26010824
3131,10536280
3132,15823684
3133,12142144
3134,29850500
3135,8700734
3136,26406036
3137,179112290
3138,9470236
3139,42068020
3140,55691748
3141,59250356
3142,7512719
3143,200745820
3144,29323066
3145,78552440
3146,15402760
3147,89337050
3148,10568400
3149,52017504
3150,104430744
3151,22912616
3152,45044740
3153,12001056
3154,25234684
3155,67678340
3156,13590102
3157,79618070
3158,98350050
3159,18697484
3160,84673840
3161,8357980
3162,62075550
3163,105660664
3164,14870440
3165,4064423.8
3166,8461316
3167,71383520
3168,12595960
3169,129553064
3170,26303648
3171,84725660
3172,41313296
3173,14093314
3174,9946460
3175,9106602
3176,31767522
3177,56703176
3178,21846880
3179,15717312
3180,10059084
3181,8730588
3182,393918000
3183,51899450
3184,41104220
3185,80139390
3186,106448950
3187,19491030
3188,27755662
3189,75258460
3190,68612200
3191,17502618
3192,16383554
3193,262326050
3194,107922776
3195,5592584
3196,11967882
3197,25033412
3198,117981544
3199,361278620
3200,51901360
3201,77228140
3202,35509252
3203,7199743
3204,10075772
3205,11980400
3206,49834650
3207,44319770
3208,14169550
3209,16583194
3210,845723460
3211,20062234
3212,50551780
3213,164700420
3214,19926456
3215,25338536
3216,24208634
3217,422084640
3218,21045620
3219,15938698
3220,229189140
3221,15137192
3222,11941808
3223,20615100
3224,11947400
3225,16845394
3226,10189456
3227,99916690
3228,104720296
3229,106318160
3230,34075056
3231,51899420
3232,45307520
3233,16797818
3234,23432880
3235,80649790
3236,10158268
3237,33864444
3238,25105160
3239,8999776
3240,279009900
3241,14812698
3242,12536688
3243,8602470
3244,12080662
3245,18002308
3246,46244010
3247,31199370
3248,75099260
3249,41570296
3250,378277500
3251,3897538.5
3252,62533176
3253,102570600
3254,8030490.5
3255,11041130
3256,65301076
3257,82983950
3258,88297690
3259,52385364
3260,11783398
3261,558655300
3262,105201870
3263,5665985.5
3264,6722057
3265,5013772.5
3266,5257507.5
3267,57520144
3268,6912012
3269,62941356
3270,95567870
3271,19614566
3272,70094984
3273,42825790
3274,441226530
3275,34083824
3276,8320332.5
3277,38993890
3278,143946130
3279,102510710
3280,239401760
3281,5645211.5
3282,24988642
3283,458576830
3284,46528464
3285,58431124
3286,9187752
3287,24294924
3288,38834092
3289,78924630
3290,65588436
3291,34713536
3292,178632450
3293,95592560
3294,17810064
3295,31089306
3296,13149268
3297,14258298
3298,68070380
3299,15450810
3300,51525060
3301,4426113
3302,18920976
3303,1331544
3304,31976464
3305,117026410
3306,10652022
3307,99340410
3308,4843485.5
3309,8613076
3310,17782594
3311,25134320
3312,48422460
3313,71766940
3314,28865634
3315,205080350
3316,46685710
3317,15797330
3318,11454476
3319,65798936
3320,26880932
3321,41292376
3322,9597056
3323,366240800
3324,18773476
3325,105954536
3326,250842720
3327,95385940
3328,41466740
3329,21832262
3330,124118840
3331,21124510
3332,68463700
3333,205857500
3334,19005568
3335,45632988
3336,19581604
3337,6694534
3338,33209230
3339,5335789.5
3340,154812850
3341,43148468
3342,108494810
3343,53755468
3344,11433712
3345,11859386
3346,46534056
3347,7622681
3348,81906520
3349,68498150
3350,211795060
3351,68899620
3352,20181746
3353,92284760
3354,14072378
3355,45901284
3356,58541244
3357,18424978
3358,13081952
3359,79307850
3360,16434054
3361,153019310
3362,29467488
3363,20041658
3364,42852340
3365,17294950
3366,90889450
3367,203987680
3368,6023509.5
3369,94836480
3370,54631468
3371,37588256
3372,73249690
3373,120503750
3374,20109796
3375,103733896
3376,40288548
3377,10209188
3378,34987708
3379,206464020
3380,96392900
3381,7397590.5
3382,9127698
3383,8259560
3384,57802050
3385,169213680
3386,11973566
3387,22639134
3388,147655140
3389,1387246100
3390,67098024
3391,72572020
3392,17047672
3393,33386080
3394,175903410
3395,214114220
3396,13192940
3397,14077764
3398,400764860
3399,153196320
3400,19234792
3401,13863486
3402,10621400
3403,152787220
3404,10031976
3405,21204734
3406,173057330
3407,254532740
3408,59429330
3409,16563882
3410,45432370
3411,104684980
3412,26065950
3413,31610994
3414,17075302
3415,24812700
3416,158506450
3417,83424980
3418,54223456
3419,314284670
3420,16992202
3421,21175392
3422,6567544.5
3423,462915070
3424,10880590
3425,17570950
3426,93975790
3427,49830900
3428,9821462
3429,51799760
3430,1083815600
3431,15776898
3432,27283198
3433,30606398
3434,36235176
3435,300714700
3436,151768110
3437,15352790
3438,33795348
3439,131578824
3440,59635916
3441,131599690
3442,4421958.5
3443,16144160
3444,10554816
3445,100148580
3446,11020054
3447,17108866
3448,40655830
3449,21225570
3450,58394268
3451,54403520
3452,55873052
3453,73066810
3454,59262824
3455,16254288
3456,135244700
3457,41439100
3458,26297806
3459,553375700
3460,46129776
3461,17794308
3462,39511932
3463,57224296
3464,12351426
3465,28932066
3466,49572092
3467,53709020
3468,113342770
3469,5457901.5
3470,4846534
3471,56505916
3472,12914866
3473,109541980
3474,51331576
3475,322466180
3476,42865064
3477,50593550
3478,7555050.5
3479,158772560
3480,21958488
3481,18593960
3482,15595600
3483,12849610
3484,6511153.5
3485,105730344
3486,123828610
3487,119974536
3488,210437800
3489,36141024
3490,72451130
3491,31240890
3492,15983728
3493,52533490
3494,32525410
3495,131518640
3496,5768302.5
3497,78863340
3498,23735568
3499,21026944
3500,6127702
3501,138427040
3502,52867404
3503,37687868
3504,73896490
3505,13802390
3506,98326740
3507,223835380
3508,14917006
3509,14888142
3510,33101902
3511,63359044
3512,181873060
3513,28574850
3514,23197314
3515,14845360
3516,34679504
3517,797279700
3518,64933308
3519,3973065.5
3520,14764020
3521,7183389
3522,28863230
3523,85624420
3524,87856690
3525,132766430
3526,91296400
3527,85027650
3528,10696902
3529,561425340
3530,69933256
3531,69090170
3532,77742550
3533,52471252
3534,40722110
3535,287996960
3536,40152332
3537,67765780
3538,43443636
3539,54127732
3540,72874550
3541,25848660
3542,57641320
3543,5576582.5
3544,46084316
3545,11876580
3546,6285558.5
3547,302686460
3548,472360400
3549,64753412
3550,413174720
3551,137822910
3552,66242840
3553,152516180
3554,143491470
3555,116350090
3556,66413332
3557,32433716
3558,159822610
3559,35716910
3560,22702052
3561,76855384
3562,19720244
3563,19919440
3564,15157216
3565,24618502
3566,84213340
3567,17181712
3568,15675776
3569,147167780
3570,1749458.9
3571,74092010
3572,230088260
3573,11813534
3574,25042432
3575,21147614
3576,74784456
3577,9228934
3578,60606760
3579,44989268
3580,87543240
3581,33786300
3582,93135670
3583,8839344
3584,78922056
3585,72669600
3586,34325920
3587,22770274
3588,11883742
3589,37827812
3590,89231570
3591,401873500
3592,8810756
3593,17070266
3594,74621550
3595,49327860
3596,45048220
3597,19700078
3598,72929740
3599,23859584
3600,22871426
3601,1348483.5
3602,11423160
3603,22750150
3604,12662210
3605,66236210
3606,781045.7
3607,75966560
3608,187350110
3609,12685558
3610,45664436
3611,9487116
3612,19290428
3613,39499536
3614,121739736
3615,75894216
3616,13085460
3617,45313852
3618,107303790
3619,11903310
3620,136805700
3621,388362500
3622,664417800
3623,81418980
3624,6617589.5
3625,8135857
3626,50841060
3627,49222830
3628,276579840
3629,12379138
3630,15693294
3631,108002700
3632,18664966
3633,113290500
3634,13185656
3635,18179356
3636,40178096
3637,20604544
3638,33928276
3639,115577990
3640,430126530
3641,81627340
3642,9869046
3643,23534132
3644,16050424
3645,41782252
3646,36153140
3647,41508696
3648,14594868
3649,43484016
3650,38509572
3651,496770100
3652,10634694
3653,237479820
3654,12454832
3655,48551116
3656,9314008
3657,4408450.5
3658,9361536
3659,95131290
3660,398844030
3661,38710204
3662,36679070
3663,450573280
3664,5840792.5
3665,10150938
3666,24531438
3667,126251590
3668,50940740
3669,24340872
3670,68544670
3671,63799696
3672,8167481
3673,186123630
3674,17407530
3675,371300300
3676,61109876
3677,8684776
3678,19711182
3679,44296796
3680,21313626
3681,19354490
3682,187399790
3683,22505394
3684,134798130
3685,139137490
3686,16775480
3687,162146690
3688,11615654
3689,11166570
3690,95924024
3691,15877202
3692,7182891
3693,84548136
3694,156004820
3695,95591890
3696,43494256
3697,46038544
3698,111666610
3699,14248238
3700,63836384
3701,64810030
3702,14194078
3703,97308020
3704,56804964
3705,27177960
3706,132777380
3707,16497546
3708,40027710
3709,422856580
3710,73769680
3711,10084562
3712,46997756
3713,23650668
3714,12671292
3715,29438786
3716,27933884
3717,4494275.5
3718,18156290
3719,53478436
3720,7260511
3721,10776510
3722,119931470
3723,16632940
3724,18385590
3725,16953546
3726,29161562
3727,103316104
3728,174040140
3729,45444080
3730,62096964
3731,201159090
3732,24695522
3733,189598030
3734,280299000
3735,32440286
3736,37219344
3737,79389330
3738,27943390
3739,16543152
3740,14320452
3741,24178528
3742,71044900
3743,37693892
3744,134438940
3745,61645370
3746,105318300
3747,6301624.5
3748,10969660
3749,13614938
3750,15372798
3751,25012704
3752,13052284
3753,30586536
3754,76044370
3755,106316050
3756,69158800
3757,311384480
3758,161012850
3759,21742098
3760,250660960
3761,63394828
3762,252049040
3763,20045968
3764,51356484
3765,4686603.5
3766,14773526
3767,38489400
3768,21726494
3769,14047706
3770,42510532
3771,80298860
3772,22332684
3773,62706930
3774,80796480
3775,158801310
3776,80199970
3777,12471150
3778,5300882
3779,19341760
3780,4902245.5
3781,39001844
3782,17010912
3783,55275828
3784,13088110
3785,545922940
3786,28869310
3787,193287540
3788,508862900
3789,31168284
3790,11626348
3791,34435788
3792,9160848
3793,4535235.5
3794,14294594
3795,358395200
3796,22563926
3797,34976044
3798,109766190
3799,14115776
3800,7127937.5
3801,132003680
3802,12994184
3803,38806816
3804,16098664
3805,58243704
3806,90358620
3807,11627578
3808,8063254
3809,54494252
3810,10350640
3811,13683194
3812,13621810
3813,11263748
3814,14281510
3815,50053948
3816,94575120
3817,164136480
3818,80417960
3819,82773610
3820,84052070
3821,128973300
3822,27314384
3823,14227132
3824,18330614
3825,26086858
3826,113682790
3827,63419584
3828,16713490
3829,5647431
3830,54958196
3831,12035316
3832,321757060
3833,97874370
3834,5707963
3835,19263616
3836,14898186
3837,32996784
3838,115345200
3839,8280123.5
3840,28994862
3841,21002016
3842,11608484
3843,42443252
3844,15525492
3845,7423013
3846,5514956.5
3847,7088510.5
3848,7778825
3849,76726160
3850,31932166
3851,57311188
3852,22703852
3853,109658856
3854,4647705.5
3855,9163116
3856,17110756
3857,439260300
3858,9043782
3859,15943806
3860,67648696
3861,57974920
3862,31323968
3863,85581720
3864,62492944
3865,161471000
3866,16654356
3867,106459580
3868,12628900
3869,104586480
3870,118830370
3871,699537150
3872,23376668
3873,47553030
3874,2696705.2
3875,74117544
3876,24682472
3877,100203080
3878,151259980
3879,375134750
3880,32990686
3881,6694212.5
3882,9827612
3883,13201422
3884,371664600
3885,29634752
3886,82006650
3887,19784968
3888,17730820
3889,91764700
3890,62208980
3891,15796400
3892,16925852
3893,556467200
3894,124306536
3895,113723110
3896,49868108
3897,13875896
3898,48081396
3899,607682750
3900,61286920
3901,14957046
3902,9244202
3903,14776346
3904,21244114
3905,21821624
3906,80181940
3907,13968286
3908,20646004
3909,10178060
3910,37288948
3911,11807934
3912,28087858
3913,109421224
3914,53113308
3915,315804480
3916,7610439.5
3917,8019239.5
3918,21696412
3919,100626136
3920,54406504
3921,3050862.2
3922,38026404
3923,49364140
3924,29926964
3925,272458900
3926,15520984
3927,136554380
3928,92873620
3929,46534116
3930,14482930
3931,26354986
3932,12451646
3933,43193024
3934,106700940
3935,7327881.5
3936,12331786
3937,254324020
3938,24460558
3939,38076356
3940,20185826
3941,53759000
3942,204520750
3943,631362100
3944,86545040
3945,82668080
3946,5926758.5
3947,71923850
3948,22874712
3949,16744808
3950,11782930
3951,75829460
3952,51005468
3953,108780104
3954,408358660
3955,25536874
3956,158919840
3957,13363806
3958,17654444
3959,24802248
3960,8545986
3961,69939430
3962,8347215
3963,28685812
3964,680853570
3965,129554420
3966,58820056
3967,386586720
3968,65791096
3969,74951220
3970,24713810
3971,43331644
3972,64927110
3973,70442740
3974,9484768
3975,97763016
3976,98601470
3977,81347590
3978,111601096
3979,73499670
3980,9765864
3981,16374984
3982,9879290
3983,92876810
3984,148496270
3985,18084704
3986,748940540
3987,76845420
3988,29340082
3989,41271964
3990,62587040
3991,4191656
3992,18804954
3993,24400432
3994,41045428
3995,87909390
3996,54244696
3997,27553698
3998,85688820
3999,31018290
4000,84433790
4001,25000982
4002,225850140
4003,10473610
4004,68718400
4005,14430726
4006,49961304
4007,5795069.5
4008,15487700
4009,26756404
4010,12139466
4011,14496900
4012,204547800
4013,86793590
4014,5258614
4015,70740616
4016,38073636
4017,21723838
4018,81993290
4019,412647230
4020,15841350
4021,63952772
4022,84224210
4023,197007000
4024,79646830
4025,4170668.2
4026,102693240
4027,53370284
4028,11352380
4029,2361349.5
4030,38502890
4031,87310296
4032,13032384
4033,7352208
4034,8460404
4035,73722890
4036,7421072
4037,16041108
4038,18468274
4039,48646560
4040,15603562
4041,13168628
4042,62057070
4043,20335262
4044,68900080
4045,195194220
4046,18643380
4047,678726460
4048,30030168
4049,7737842.5
4050,5717985
4051,542097300
4052,12206754
4053,8836438
4054,9700834
4055,31826742
4056,18257824
4057,6016888.5
4058,62585344
4059,11246522
4060,75003520
4061,117585224
4062,40255240
4063,18068824
4064,294220770
4065,161430820
4066,7226538.5
4067,61161470
4068,12877146
4069,94183160
4070,24610918
4071,8789122
4072,21109210
4073,162646240
4074,11006284
4075,31442646
4076,59468036
4077,228287680
4078,20678440
4079,139774400
4080,9795846
4081,22620564
4082,260851700
4083,55278080
4084,6420460
4085,35643004
4086,123368220
4087,105910296
4088,121964584
4089,51269788
4090,25241856
4091,132040060
4092,69248536
4093,53720756
4094,64818836
4095,263219360
4096,62992696
4097,99653880
4098,51252372
4099,16687668
4100,59643784
4101,49517150
4102,18894912
4103,61296228
4104,10887286
4105,13636270
4106,11066880
4107,19136622
4108,30399148
4109,8060784
4110,76642360
4111,17737700
4112,22332320
4113,17501152
4114,425230430
4115,22690156
4116,28934732
4117,16905122
4118,91856720
4119,61870476
4120,2890246.5
4121,15504246
4122,198010260
4123,13177338
4124,87871430
4125,30303280
4126,32032634
4127,13617946
4128,18180476
4129,16347586
4130,39950344
4131,132362150
4132,176246530
4133,82551250
4134,30779710
4135,40801236
4136,372152800
4137,24490730
4138,76164210
4139,26578322
4140,24954500
4141,14922962
4142,86754010
4143,43203624
4144,10232166
4145,33068032
4146,11251430
4147,3474632
4148,35951060
4149,13738150
4150,3502787.2
4151,18384938
4152,67759370
4153,46901572
4154,12433376
4155,42475530
4156,20227212
4157,16586702
4158,39047850
4159,68252330
4160,369458900
4161,115328600
4162,41060816
4163,142067820
4164,21249014
4165,7286659.5
4166,3252011.2
4167,225392020
4168,17606118
4169,7230882.5
4170,8930412
4171,173113230
4172,140201340
4173,32863618
4174,14163538
4175,17657400
4176,51926296
4177,344910.2
4178,469227680
4179,4253338.5
4180,93552616
4181,44678172
4182,19819554
4183,63691550
4184,45551140
4185,11776046
4186,17364134
4187,57771150
4188,44714160
4189,14107444
4190,6721101
4191,5342206
4192,7534243.5
4193,299516860
4194,173513920
4195,70195416
4196,15896130
4197,53937684
4198,18187140
4199,25708170
4200,112940180
4201,105870270
4202,124846420
4203,25433324
4204,69761510
4205,12206358
4206,52659084
4207,407529440
4208,531460300
4209,33459386
4210,143527500
4211,55161256
4212,381649920
4213,18988492
4214,88839496
4215,12908476
4216,10083070
4217,21283534
4218,51718508
4219,38175188
4220,63685224
4221,12500602
4222,6462295
4223,87835030
4224,12157486
4225,53247480
4226,20249250
4227,26831284
4228,9780228
4229,147213400
4230,35597936
4231,17849126
4232,23466928
4233,68542930
4234,44159716
4235,112105816
4236,11808900
4237,13454574
4238,69590160
4239,118227870
4240,230441600
4241,111149240
4242,22873154
4243,5426755.5
4244,89674040
4245,10490060
4246,10816670
4247,77540760
4248,16005868
4249,43522496
4250,50221148
4251,9868142
4252,133169750
4253,136098020
4254,74102940
4255,63127188
4256,389234180
4257,162841660
4258,43217668
4259,2099057.5
4260,123672080
4261,17551566
4262,14472530
4263,13416380
4264,483966620
4265,47564812
4266,59509572
4267,53333788
4268,19806998
4269,16174762
4270,539085000
4271,81404910
4272,5541617
4273,19337814
4274,66760348
4275,20063918
4276,30005882
4277,106868490
4278,2930032.5
4279,44785610
4280,7298269.5
4281,6131127.5
4282,117219660
4283,10457872
4284,18815040
4285,14823102
4286,601364200
4287,39973430
4288,45395324
4289,106621360
4290,116906610
4291,6130043
4292,7608802
4293,14743598
4294,135354690
4295,70836950
4296,35859476
4297,96647480
4298,9747240
4299,35341012
4300,34223136
4301,21629262
4302,16452042
4303,19390352
4304,29050548
4305,37724788
4306,38818708
4307,4879182.5
4308,7705951.5
4309,54772908
4310,14227966
4311,9455480
4312,84993670
4313,201888640
4314,10892896
4315,172590700
4316,224816140
4317,6279033.5
4318,51965540
4319,10578782
4320,69101220
4321,67211980
4322,19201240
4323,21974490
4324,21109298
4325,24345298
4326,14893934
4327,97674860
4328,14519698
4329,14534806
4330,975035600
4331,99532670
4332,72601510
4333,9272424
4334,83947016
4335,83148630
4336,56725040
4337,4715034
4338,225079140
4339,139916800
4340,24753096
4341,37573044
4342,21312000
4343,50767172
4344,19748406
4345,20166892
4346,47264996
4347,98478470
4348,9237548
4349,219921200
4350,22108720
4351,314928670
4352,15506776
4353,149718780
4354,37452560
4355,53579690
4356,23572162
4357,47281100
4358,21217566
4359,58676510
4360,75975060
4361,114222020
4362,15199498
4363,57993296
4364,79706870
4365,6981777.5
4366,79001570
4367,94602980
4368,114264000
4369,45041384
4370,82749064
4371,179602510
4372,33146596
4373,25831242
4374,81679020
4375,6636614.5
4376,7371190
4377,22678386
4378,106999760
4379,124217260
4380,95704810
4381,166603090
4382,237840200
4383,158329310
4384,49517900
4385,14522824
4386,143350640
4387,134570370
4388,62007348
4389,216096210
4390,15152378
4391,15805888
4392,65162980
4393,70878470
4394,43633070
4395,62380820
4396,81185450
4397,87663160
4398,204331730
4399,14978100
4400,18746696
4401,87174150
4402,33003618
4403,31874142
4404,75318330
4405,40926040
4406,4768356.5
4407,14732384
4408,4505127.5
4409,9500906
4410,18231080
4411,29602856
4412,40203770
4413,53881692
4414,59599730
4415,75155620
4416,1437947.4
4417,102587150
4418,15133704
4419,29707328
4420,273133900
4421,18470228
4422,19656052
4423,6381803.5
4424,16958372
4425,61363030
4426,120571690
4427,44616416
4428,14663564
4429,15363014
4430,9275648
4431,9784184
4432,222889070
4433,263322930
4434,668254000
4435,28122968
4436,42350580
4437,14541178
4438,7691278.5
4439,25317898
4440,16338960
4441,46476876
4442,8125808
4443,8919716
4444,11566708
4445,27715794
4446,12699788
4447,81607976
4448,84859290
4449,8119895.5
4450,133156664
4451,486441660
4452,42214400
4453,6416261.5
4454,7162723.5
4455,16241914
4456,80188104
4457,11039258
4458,12636436
4459,35408700
4460,22058872
4461,124457976
4462,77692140
4463,16502440
4464,40113000
4465,30797700
4466,9173252
4467,31550780
4468,4713751.5
4469,13360870
4470,44354884
4471,12556784
4472,128317320
4473,33393018
4474,15723880
4475,28298816
4476,11309238
4477,53059748
4478,18167784
4479,11323762
4480,58430890
4481,16919798
4482,26847930
4483,11053374
4484,8015703
4485,60149292
4486,26071216
4487,31622534
4488,64098216
4489,95219530
4490,6752224.5
4491,147432980
4492,50296470
4493,4600705
4494,23369806
4495,12765576
4496,54134100
4497,9628116
4498,70884540
4499,3364615
4500,97651976
4501,116653620
4502,19222540
4503,396766370
4504,2954925
4505,2796902.5
4506,77117640
4507,7783163.5
4508,11697670
4509,6714636.5
4510,64882876
4511,131865510
4512,7583956
4513,75100776
4514,27455516
4515,364925220
4516,9445064
4517,16631916
4518,262598530
4519,75897020
4520,24580232
4521,40050830
4522,127904250
4523,33673176
4524,45150760
4525,71607000
4526,16627236
4527,20428682
4528,16278032
4529,13237048
4530,30174822
4531,12118276
4532,20300150
4533,42074590
4534,18682946
4535,93095496
4536,17681592
4537,97866900
4538,43554744
4539,19051430
4540,65755684
4541,37903344
4542,152405810
4543,114512250
4544,3412067.2
4545,14205960
4546,8720028
4547,11831916
4548,77054190
4549,9159670
4550,90766420
4551,641306750
4552,79765144
4553,30488952
4554,448700060
4555,6282931
4556,58605336
4557,37167436
4558,30553534
4559,65704856
4560,139978110
4561,32718606
4562,7410989.5
4563,378926700
4564,7117237
4565,7486114
4566,80688660
4567,58282944
4568,19441768
4569,40733268
4570,25431794
4571,9519580
4572,41295930
4573,55124864
4574,4178326
4575,2082274.9
4576,27993824
4577,27777326
4578,58010816
4579,10750000
4580,94191340
4581,21740278
4582,55366228
4583,190684210
4584,64171850
4585,165277840
4586,14150248
4587,16181524
4588,198085400
4589,14088396
4590,1079473200
4591,95599704
4592,11650352
4593,13280738
4594,49705640
4595,371400420
4596,411371170
4597,16372124
4598,259857780
4599,27041832
4600,11377562
4601,55345124
4602,141225440
4603,52241620
4604,32828294
4605,278816350
4606,142034240
4607,35123270
4608,12767806
4609,34513370
4610,141129040
4611,93700700
4612,44265844
4613,43479296
4614,72232470
4615,16835352
4616,12008084
4617,45874884
4618,14616970
4619,13989514
4620,16523228
4621,414033000
4622,85588530
4623,22959270
4624,16811582
4625,24473104
4626,35852440
4627,31110072
4628,4323011.5
4629,14700998
4630,12766330
4631,38016770
4632,11576436
4633,15818698
4634,18177850
4635,7829086.5
4636,112385200
4637,25297804
4638,15794942
4639,14587484
4640,76599910
4641,27664586
4642,33295708
4643,70963510
4644,14326636
4645,16102084
4646,741123100
4647,9638028
4648,13280944
4649,97608340
4650,139793580
4651,86917300
4652,573823300
4653,16514560
4654,97069340
4655,77107540
4656,9425300
4657,68836296
4658,51163508
4659,12627340
4660,12322990
4661,18595262
4662,12879242
4663,106705650
4664,22348488
4665,53563596
4666,95152860
4667,145159920
4668,12185634
4669,32190574
4670,50437944
4671,18790806
4672,9914098
4673,28175446
4674,17186216
4675,19272890
4676,40907320
4677,8123738
4678,14996626
4679,29647164
4680,12290288
4681,60844388
4682,17577464
4683,12274766
4684,8976652
4685,65902396
4686,16645714
4687,29997142
4688,110086900
4689,17410306
4690,12997114
4691,12743300
4692,32174730
4693,5654443
4694,17587366
4695,63041690
4696,30982118
4697,98033790
4698,12435094
4699,21283900
4700,134293460
4701,249365840
4702,22757400
4703,72167896
4704,85325940
4705,92022080
4706,124911150
4707,12498600
4708,81584584
4709,5261546
4710,245059890
4711,15440428
4712,12465596
4713,223551400
4714,35074030
4715,5656126
4716,4779138
4717,35117550
4718,16167016
4719,65402840
4720,8167500.5
4721,28669124
4722,54371880
4723,35881716
4724,206333120
4725,119496590
4726,4501095
4727,20846304
4728,71148120
4729,87221976
4730,6570887.5
4731,54743344
4732,318809500
4733,4202864
4734,287769020
4735,59917220
4736,41246730
4737,105837690
4738,12186238
4739,86948250
4740,729945700
4741,8681198
4742,88534340
4743,12078378
4744,7029425.5
4745,362775260
4746,68726184
4747,82221384
4748,87277680
4749,18378948
4750,100772820
4751,70803860
4752,1478599.4
4753,21355060
4754,836588200
4755,15998260
4756,60763616
4757,172224830
4758,97964550
4759,508325700
4760,6589696
4761,26608458
4762,43025748
4763,7273017.5
4764,517826430
4765,20772568
4766,130675190
4767,57285284
4768,90884220
4769,41232920
4770,78149370
4771,112546320
4772,24185256
4773,47770240
4774,13462676
4775,10104256
4776,19674902
4777,231052700
4778,78403816
4779,13920690
4780,573858100
4781,4904780
4782,35317364
4783,41125076
4784,17415992
4785,43504344
4786,120959610
4787,72711150
4788,65175720
4789,14319036
4790,65233332
4791,83203960
4792,13278840
4793,25128844
4794,16843946
4795,83253224
4796,15952664
4797,691885700
4798,75682456
4799,100408744
4800,102594500
4801,7163293
4802,46947508
4803,8770130
4804,10250844
4805,5774513.5
4806,14605766
4807,59082276
4808,15391260
4809,251347890
4810,7111226
4811,12856932
4812,132830410
4813,84390880
4814,9610370
4815,33139084
4816,28018268
4817,23854250
4818,26181016
4819,16543978
4820,103483630
4821,9433844
4822,14749020
4823,14191838
4824,82291440
4825,109509070
4826,4918364.5
4827,78961970
4828,33827544
4829,29074714
4830,52837264
4831,42250210
4832,35265030
4833,24387504
4834,99497576
4835,30776168
4836,17357254
4837,256730830
4838,84157810
4839,6709702
4840,508107460
4841,6098773
4842,70613140
4843,166640270
4844,11178158
4845,49957564
4846,14602494
4847,425818000
4848,78324910
4849,301304830
4850,74524110
4851,4082654.2
4852,92525250
4853,82238440
4854,89250110
4855,75343464
4856,22702042
4857,29812130
4858,90873576
4859,68338344
4860,726312700
4861,420352640
4862,164299280
4863,214869360
4864,73468860
4865,50902120
4866,40114240
4867,108474500
4868,15576646
4869,9945468
4870,32718592
4871,40049040
4872,5670334.5
4873,14788782
4874,115243030
4875,78250320
4876,65685844
4877,61858656
4878,86858590
4879,45833484
4880,72709590
4881,3325228.2
4882,16589490
4883,38726068
4884,129711450
4885,12750486
4886,133578824
4887,3643571.8
4888,9522190
4889,4819519.5
4890,149280000
4891,11466488
4892,25714292
4893,60436572
4894,25019822
4895,10560398
4896,136299840
4897,9867556
4898,202938000
4899,69934504
4900,203919790
4901,52291664
4902,13055722
4903,9926280
4904,227296960
4905,8579144
4906,4613149.5
4907,953818600
4908,44116404
4909,84204810
4910,65335730
4911,33448698
4912,98331880
4913,21747704
4914,44767804
4915,59902292
4916,37759010
4917,20626844
4918,239423230
4919,49269340
4920,74851100
4921,90917380
4922,60819190
4923,11513120
4924,54679256
4925,93944730
4926,8475430
4927,82847864
4928,28809576
4929,174387710
4930,19246262
4931,37860424
4932,10692144
4933,72568380
4934,11416974
4935,608576960
4936,5436276
4937,10065436
4938,10844294
4939,3415747.8
4940,14216482
4941,147515710
4942,6976498.5
4943,169779100
4944,86185100
4945,17940084
4946,16272704
4947,10014546
4948,8328102
4949,60759476
4950,115153940
4951,78431650
4952,46380856
4953,94774100
4954,47935576
4955,9012820
4956,5675565
4957,46236664
4958,15827414
4959,32950486
4960,15251536
4961,180223940
4962,22443450
4963,92651400
4964,76653016
4965,15104222
4966,68113780
4967,66222236
4968,31886754
4969,5612936
4970,6609313
4971,70961930
4972,12480016
4973,71620940
4974,146770510
4975,15725264
4976,9714562
4977,88780450
4978,21296634
4979,33998380
4980,45681636
4981,26806802
4982,125559576
4983,4839646.5
4984,61755508
4985,325634370
4986,12384452
4987,15125892
4988,17490564
4989,34492444
4990,9085750
4991,21295312
4992,212946460
4993,14833656
4994,100988310
4995,5253115.5
4996,59333656
4997,90887580
4998,41783940
4999,96684856
5000,184229390
5001,205985100
5002,239087420
5003,125682810
5004,31740582
5005,44386772
5006,360384770
5007,54030620
5008,315389280
5009,77559870
5010,20596244
5011,31250252
5012,34968416
5013,92573360
5014,48862204
5015,74109120
5016,156605040
5017,24580134
5018,40961988
5019,91348056
5020,92800020
5021,18593332
5022,91030824
5023,10354722
5024,123430870
5025,6548664
5026,188912860
5027,69176584
5028,133489300
5029,94527260
5030,44909770
5031,17356786
5032,158589740
5033,11946444
5034,12483916
5035,5607366
5036,25018286
5037,56128790
5038,497610430
5039,9875768
5040,69967550
5041,64306184
5042,80646170
5043,41561788
5044,169212300
5045,62966132
5046,2243273
5047,11911672
5048,10350668
5049,99153300
5050,12172914
5051,328626080
5052,130687030
5053,34171170
5054,58600132
5055,17696970
5056,23919650
5057,18265882
5058,21386758
5059,29784488
5060,105727896
5061,57166108
5062,8492496
5063,8455590
5064,80193390
5065,13529724
5066,39289560
5067,65146108
5068,26547772
5069,106155110
5070,61210664
5071,98504670
5072,105694230
5073,10576904
5074,14119554
5075,19070616
5076,73269336
5077,112076760
5078,7567739
5079,21162094
5080,122877390
5081,68419896
5082,24403186
5083,9705838
5084,28443936
5085,19872184
5086,21199884
5087,17496672
5088,9203614
5089,5351338.5
5090,26638828
5091,38134124
5092,58002220
5093,33473244
5094,73746290
5095,101201816
5096,39455870
5097,9768850
5098,13562908
5099,18011536
5100,13551060
5101,9127528
5102,24461540
5103,8867448
5104,59815016
5105,7698423
5106,8553908
5107,116947980
5108,85812136
5109,7823511
5110,86736210
5111,203251200
5112,20565410
5113,5487360.5
5114,92854020
5115,12730834
5116,17672506
5117,189423650
5118,41709804
5119,23711712
5120,11052716
5121,72423700
5122,71492310
5123,44244590
5124,32404536
5125,85340990
5126,17456248
5127,28845094
5128,9114072
5129,16157800
5130,43617736
5131,41514628
5132,51611036
5133,187258000
5134,186638720
5135,146692420
5136,6560517.5
5137,110498670
5138,64155052
5139,144303310
5140,273449570
5141,48005224
5142,103958650
5143,87848264
5144,84386960
5145,32730426
5146,9556736
5147,59534960
5148,47459576
5149,17089776
5150,412128480
5151,408083460
5152,77534530
5153,28821484
5154,53554020
5155,17557534
5156,650219000
5157,12855626
5158,10876712
5159,130322820
5160,49279740
5161,30776170
5162,109646570
5163,255459860
5164,12492706
5165,72949096
5166,123615320
5167,18517788
5168,11549824
5169,19630842
5170,91893464
5171,137697800
5172,18222186
5173,77079470
5174,89117256
5175,8808548
5176,8329290.5
5177,126673470
5178,552786560
5179,9027238
5180,23708718
5181,27804150
5182,30171256
5183,16790984
5184,13808526
5185,6007998.5
5186,18830850
5187,9287792
5188,15434040
5189,46906320
5190,310961900
5191,96825610
5192,127197700
5193,90610450
5194,78510910
5195,200435230
5196,98793490
5197,79453070
5198,66188532
5199,19742016
5200,91512744
5201,45225080
5202,11214892
5203,6612945
5204,10495754
5205,16402506
5206,33461742
5207,10969128
5208,80247610
5209,74894850
5210,50908940
5211,21642942
5212,7422656
5213,112335790
5214,6795002.5
5215,27304102
5216,42588780
5217,14957946
5218,41551844
5219,17696800
5220,79137420
5221,5928218
5222,6522931
5223,197263660
5224,6161765.5
5225,6152350
5226,94802280
5227,18420808
5228,43243036
5229,162745310
5230,17014318
5231,26048370
5232,10376192
5233,29940582
5234,163218340
5235,34364264
5236,157173740
5237,128156770
5238,12434504
5239,38523596
5240,100428856
5241,38476380
5242,18661654
5243,15283400
5244,109897816
5245,8710370
5246,78710600
5247,63525060
5248,4661770.5
5249,53264676
5250,225123300
5251,15881316
5252,5615302.5
5253,15817442
5254,5245815.5
5255,62610440
5256,95974040
5257,14994444
5258,12567698
5259,120576024
5260,8505108
5261,46145860
5262,22601730
5263,60111256
5264,11512760
5265,70550220
5266,26684560
5267,102161240
5268,19248746
5269,134398660
5270,81698450
5271,62870484
5272,124679860
5273,8637396
5274,42721550
5275,42656036
5276,17013654
5277,14488404
5278,56280630
5279,25397374
5280,62364892
5281,17237420
5282,85419000
5283,5709079
5284,11469792
5285,174801180
5286,10393054
5287,28555020
5288,12230856
5289,52403624
5290,142365420
5291,652651970
5292,115554696
5293,167201180
5294,11147352
5295,730093060
5296,17285004
5297,185434100
5298,165921550
5299,16392468
5300,27186632
5301,17155628
5302,81359600
5303,25035532
5304,14232486
5305,13343534
5306,51151108
5307,169777570
5308,8876054
5309,10926914
5310,95691816
5311,16735902
5312,212676880
5313,545703500
5314,67425600
5315,4012978.2
5316,54885240
5317,19844722
5318,5657102.5
5319,36155388
5320,20513028
5321,81405060
5322,6146967.5
5323,136864780
5324,23040528
5325,6291503
5326,26169946
5327,92162830
5328,36780332
5329,15768478
5330,188178580
5331,11626464
5332,70204760
5333,51876530
5334,34843330
5335,14919800
5336,35618136
5337,12860768
5338,63136020
5339,34584360
5340,41791884
5341,155863460
5342,140682100
5343,57566136
5344,118790860
5345,11883614
5346,124015490
5347,4555060
5348,8744530
5349,5565753
5350,15864454
5351,93469380
5352,12174562
5353,44051670
5354,190118130
5355,128493100
5356,18639930
5357,11685822
5358,74173256
5359,37698770
5360,192500270
5361,18092366
5362,12880810
5363,50214132
5364,12383506
5365,70749680
5366,52379692
5367,55928776
5368,10480808
5369,565948350
5370,36537370
5371,126651040
5372,336340000
5373,39300140
5374,148645380
5375,110335304
5376,119286530
5377,55428416
5378,17350744
5379,19307882
5380,69327150
5381,92798170
5382,99785610
5383,9808920
5384,279579650
5385,91398296
5386,78044280
5387,15984640
5388,250915000
5389,28194904
5390,88631540
5391,53862950
5392,4847745
5393,15883102
5394,76554136
5395,55544260
5396,225838600
5397,16664764
5398,24094882
5399,15810882
5400,16762918
5401,99040264
5402,73665440
5403,167987090
5404,10007880
5405,61583330
5406,16670690
5407,195391950
5408,618333600
5409,156254940
5410,3188216.2
5411,47261236
5412,1668733.2
5413,9916154
5414,127599230
5415,118784390
5416,44827896
5417,95695770
5418,12964338
5419,6393793
5420,74659330
5421,160264480
5422,63018436
5423,167532320
5424,263319840
5425,33571316
5426,41631220
5427,8875504
5428,9418476
5429,77450840
5430,182301920
5431,51469636
5432,106698216
5433,41406564
5434,114985890
5435,12588172
5436,38439524
5437,72790860
5438,20019392
5439,11379502
5440,78967000
5441,10101042
5442,123438190
5443,97796070
5444,75389416
5445,66622964
5446,58864364
5447,27136910
5448,25764358
5449,115906040
5450,13946954
5451,22303834
5452,10157654
5453,212054200
5454,101986696
5455,58914616
5456,24486290
5457,49297256
5458,8614214
5459,7100038
5460,9401082
5461,5812815
5462,13769188
5463,772984500
5464,9198432
5465,45229692
5466,67233280
5467,76740180
5468,102913470
5469,4793018.5
5470,307795360
5471,111069330
5472,94777160
5473,36243628
5474,27623156
5475,18572614
5476,20977320
5477,81961860
5478,58182376
5479,118413144
5480,21455906
5481,10746410
5482,31162936
5483,17912204
5484,72886900
5485,18091510
5486,110443304
5487,332082780
5488,87825590
5489,27214258
5490,12546600
5491,198907090
5492,30793606
5493,24354160
5494,7258708.5
5495,29547820
5496,74691020
5497,39833724
5498,7319924.5
5499,74348540
5500,16171376
5501,7256483.5
5502,4453609
5503,10689412
5504,43971056
5505,11049708
5506,644177700
5507,55817176
5508,161540620
5509,119319060
5510,34220240
5511,16663812
5512,135783310
5513,13143968
5514,31850146
5515,23987506
5516,7091128.5
5517,341797950
5518,19666402
5519,200304960
5520,12458894
5521,44748850
5522,5660632.5
5523,324439300
5524,282763550
5525,69516730
5526,8513570
5527,12349606
5528,58802308
5529,8844088
5530,343698340
5531,5964806.5
5532,16947106
5533,133304390
5534,453520420
5535,9928790
5536,8118092
5537,22169944
5538,7353092
5539,180284480
5540,107703410
5541,241171760
5542,8884552
5543,25122154
5544,80452430
5545,7065213
5546,16846548
5547,20527608
5548,17669574
5549,45036130
5550,42876080
5551,23800802
5552,79159624
5553,72972590
5554,11429188
5555,36404108
5556,27601618
5557,17440050
5558,423908960
5559,11677206
5560,14370688
5561,43205460
5562,119520840
5563,3947002.5
5564,7466826
5565,14377148
5566,29472256
5567,46373870
5568,33994940
5569,83536860
5570,48735844
5571,99142250
5572,12877170
5573,138433900
5574,16389390
5575,270149900
5576,80083600
5577,39255348
5578,46601196
5579,29851642
5580,23233962
5581,54937750
5582,38263964
5583,120832720
5584,70605220
5585,19670148
5586,11968024
5587,48863144
5588,72042180
5589,56470800
5590,13132810
5591,49728548
5592,65048664
5593,17476480
5594,20658914
5595,52914556
5596,212964690
5597,17902504
5598,39538556
5599,7408252.5
5600,15413842
5601,107265896
5602,70625260
5603,18379666
5604,34140692
5605,171512740
5606,86524250
5607,26310870
5608,118025920
5609,18471670
5610,41307828
5611,65339028
5612,580709500
5613,20970578
5614,46412908
5615,71288320
5616,14784672
5617,364706980
5618,45172028
5619,74505390
5620,13846166
5621,75856140
5622,124513430
5623,37538076
5624,418713570
5625,11818276
5626,26131522
5627,114837440
5628,56284124
5629,254333150
5630,22197686
5631,63650092
5632,32173702
5633,25383486
5634,97315190
5635,77376560
5636,5178089
5637,13757338
5638,135792220
5639,6568532.5
5640,12496004
5641,61360856
5642,22331426
5643,6097555.5
5644,489443900
5645,133961640
5646,18860842
5647,24815076
5648,74766930
5649,10053836
5650,115601624
5651,40181796
5652,12255636
5653,145055410
5654,93054450
5655,20615924
5656,631820600
5657,15893222
5658,94525624
5659,22369306
5660,141258240
5661,28142192
5662,269983900
5663,18866614
5664,12091114
5665,90526020
5666,21434642
5667,38625004
5668,12173690
5669,12496150
5670,722338500
5671,33980976
5672,20333640
5673,107082940
5674,32127708
5675,23988496
5676,7093417.5
5677,77364130
5678,83875680
5679,8123350
5680,32370682
5681,729348400
5682,3052792.2
5683,370648400
5684,77177550
5685,74672940
5686,19113696
5687,91166770
5688,17804420
5689,95326820
5690,20922350
5691,71059624
5692,624733950
5693,36395684
5694,61466156
5695,8912104
5696,49961464
5697,2251701.8
5698,23621396
5699,25250292
5700,74175050
5701,39772524
5702,97989270
5703,87398090
5704,63733180
5705,31860476
5706,9711324
5707,30839854
5708,45482360
5709,90873896
5710,11161134
5711,14953322
5712,204471890
5713,82102350
5714,20681160
5715,22160460
5716,4497430
5717,28679522
5718,14780366
5719,47091268
5720,37830440
5721,79383420
5722,16369228
5723,32252734
5724,11377046
5725,6187367
5726,65098692
5727,155826980
5728,66216056
5729,334197500
5730,15436938
5731,10250226
5732,10141440
5733,25983308
5734,39471504
5735,12333476
5736,98348880
5737,96965380
5738,70079576
5739,10398386
5740,46466656
5741,105120620
5742,98757240
5743,41341320
5744,4407069.5
5745,16884284
5746,49916772
5747,13468174
5748,150852690
5749,84188180
5750,80982120
5751,74471290
5752,6195970.5
5753,313896540
5754,34729040
5755,101993950
5756,48943890
5757,23165884
5758,7329343
5759,44981304
5760,15997412
5761,3429554.2
5762,67068220
5763,89370750
5764,12484358
5765,58876450
5766,66495668
5767,50169172
5768,52020070
5769,593048060
5770,26673504
5771,52741100
5772,40117840
5773,317824700
5774,90218120
5775,77734090
5776,65534190
5777,164886610
5778,151970240
5779,341016700
5780,11224400
5781,137251650
5782,56337310
5783,145122380
5784,12747694
5785,98452070
5786,70224770
5787,178640350
5788,5021942.5
5789,39011956
5790,76437864
5791,148038830
5792,24361914
5793,7073193
5794,110976370
5795,146881250
5796,34199624
5797,85771020
5798,9796244
5799,172357680
5800,9849360
5801,25471734
5802,16414842
5803,18438936
5804,513615420
5805,22192578
5806,16925640
5807,66634390
5808,82685540
5809,32023374
5810,9882200
5811,11873216
5812,90473060
5813,126672930
5814,5372411
5815,15032132
5816,12707796
5817,9212628
5818,75612620
5819,44399812
5820,3400119
5821,8788238
5822,5310376
5823,41068464
5824,59041044
5825,27941368
5826,20732662
5827,10688486
5828,253743870
5829,102005576
5830,131159870
5831,133488250
5832,85358120
5833,27725252
5834,86216410
5835,6342622.5
5836,99830910
5837,94568910
5838,20003358
5839,190050110
5840,9711224
5841,75481016
5842,63930490
5843,18083844
5844,29164940
5845,10757474
5846,58532980
5847,57190308
5848,51170800
5849,15444544
5850,104210020
5851,28911004
5852,14036872
5853,46615636
5854,27466168
5855,132297120
5856,44180076
5857,932955100
5858,4857179
5859,69630080
5860,113677130
5861,4603948
5862,18637688
5863,54134904
5864,551656500
5865,26728784
5866,40269244
5867,14853584
5868,52060812
5869,31265480
5870,10555326
5871,101458780
5872,322558180
5873,8369840.5
5874,17090520
5875,23367016
5876,63558348
5877,16877404
5878,123977800
5879,18966826
5880,144062240
5881,97219170
5882,246987090
5883,8580874
5884,47397856
5885,22752466
5886,21007932
5887,80121540
5888,26358062
5889,7757922
5890,45360004
5891,133485290
5892,21546348
5893,13391140
5894,176025170
5895,28225482
5896,88403496
5897,10698094
5898,98415960
5899,18149658
5900,9041010
5901,3852017.2
5902,34008870
5903,58221044
5904,58011110
5905,58728948
5906,86338640
5907,5367035.5
5908,84632420
5909,39218508
5910,129941920
5911,33615496
5912,534005000
5913,69998040
5914,93030920
5915,72264600
5916,59196976
5917,285807940
5918,119029520
5919,112271180
5920,10747088
5921,52483204
5922,20250824
5923,27450562
5924,52243652
5925,640311800
5926,4039271
5927,24875642
5928,46055620
5929,5850901.5
5930,70511140
5931,52692844
5932,10997640
5933,38275810
5934,105536600
5935,173852340
5936,152892580
5937,19696056
5938,21602046
5939,24631284
5940,87802140
5941,22541552
5942,134937400
5943,6116841
5944,39734776
5945,13150440
5946,6420417.5
5947,8170021
5948,126624800
5949,3409750
5950,207080780
5951,63017684
5952,21181526
5953,116526600
5954,13085916
5955,53703850
5956,177081280
5957,79957144
5958,112161800
5959,21729610
5960,24052074
5961,8429142
5962,20428616
5963,76630270
5964,77797464
5965,80436050
5966,24579538
5967,305324380
5968,68492090
5969,87113070
5970,18077834
5971,14760768
5972,41706012
5973,81003230
5974,7742256.5
5975,41902490
5976,8217870
5977,8909260
5978,766994500
5979,30340716
5980,200247500
5981,13866938
5982,129492790
5983,14801436
5984,57766836
5985,74134690
5986,8521110
5987,11953350
5988,45343556
5989,13445514
5990,123985820
5991,5030749.5
5992,77798376
5993,72825040
5994,18510836
5995,36481896
5996,29603842
5997,53986870
5998,269985700
5999,11842390
6000,13711730
6001,11315616
6002,96086720
6003,505071300
6004,123048136
6005,19517024
6006,42313070
6007,9795358
6008,12144584
6009,76932536
6010,93217976
6011,60195556
6012,32696482
6013,343274370
6014,9469284
6015,32824510
6016,24849912
6017,12349580
6018,143078740
6019,16124232
6020,7180224
6021,32108166
6022,22410688
6023,125746136
6024,13279762
6025,21832252
6026,167610640
6027,25402238
6028,144829730
6029,41026836
6030,339877150
6031,121245864
6032,8703598
6033,71277690
6034,10317350
6035,615402400
6036,19934564
6037,16112418
6038,11316270
6039,13439026
6040,48096824
6041,299864060
6042,7125510.5
6043,177860030
6044,66640704
6045,53501908
6046,10775772
6047,67106972
6048,19235446
6049,17629810
6050,55843410
6051,16529898
6052,56784532
6053,7034054
6054,11473188
6055,29025344
6056,56838540
6057,11077606
6058,45496132
6059,136841740
6060,59661670
6061,90503290
6062,15385334
6063,158079710
6064,12418998
6065,113877300
6066,45696256
6067,71959570
6068,11172472
6069,187765730
6070,181373260
6071,16710446
6072,42419180
6073,65909404
6074,12403456
6075,16560004
6076,56918344
6077,14027414
6078,154649680
6079,497363740
6080,17451910
6081,19792542
6082,12024156
6083,112923070
6084,32492304
6085,37191220
6086,10701836
6087,84929520
6088,24759770
6089,26185214
6090,427706500
6091,7644704.5
6092,18450142
6093,93765130
6094,165723710
6095,194133780
6096,12158818
6097,42900524
6098,44304284
6099,47632196
6100,68600424
6101,222701870
6102,51731040
6103,80689770
6104,5730438.5
6105,87968376
6106,6716925
6107,10439786
6108,125210600
6109,23949754
6110,89485656
6111,14614228
6112,7337583
6113,27253834
6114,84021650
6115,183422940
6116,6054195.5
6117,29134322
6118,98554580
6119,81759670
6120,58218172
6121,11017830
6122,94281030
6123,12163772
6124,14039622
6125,15593996
6126,85238200
6127,14154638
6128,291011900
6129,27629848
6130,12086278
6131,18164804
6132,9757864
6133,19285860
6134,62189596
6135,73686290
6136,458359260
6137,85648990
6138,14658178
6139,1155413900
6140,9054798
6141,31375094
6142,17572986
6143,43095170
6144,17257336
6145,93471110
6146,37925904
6147,86021970
6148,32971414
6149,55588960
6150,240027220
6151,60875724
6152,753438000
6153,17456898
6154,7297350
6155,84549384
6156,10627818
6157,49459136
6158,196977040
6159,25912564
6160,44119380
6161,29126228
6162,15303748
6163,8455604
6164,5882355.5
6165,29142164
6166,42784460
6167,24125938
6168,24546296
6169,68142424
6170,13946484
6171,37030620
6172,11988186
6173,33108632
6174,54008984
6175,36651620
6176,61776080
6177,57760930
6178,5544399
6179,197162930
6180,46552256
6181,91070350
6182,693451460
6183,81112930
6184,507512670
6185,18379634
6186,79830280
6187,13027666
6188,33297986
6189,41805800
6190,110271710
6191,14995000
6192,68175260
6193,94246510
6194,13103302
6195,6687183.5
6196,73697820
6197,21985404
6198,120964800
6199,681195800
6200,7560850
6201,29572718
6202,150049760
6203,620400260
6204,4643342
6205,19790854
6206,40225004
6207,113357390
6208,24144904
6209,5623456.5
6210,25147872
6211,66605776
6212,15215064
6213,50469800
6214,80078750
6215,22197552
6216,40041040
6217,1910005.8
6218,19895090
6219,109763690
6220,8700226
6221,15655248
6222,25491380
6223,50349936
6224,32807760
6225,66704316
6226,14590272
6227,34840124
6228,17454750
6229,21436270
6230,9613774
6231,56835236
6232,15714554
6233,176411220
6234,52034410
6235,54172948
6236,58756510
6237,19966044
6238,18324464
6239,187010340
6240,205217890
6241,7560192
6242,17725968
6243,16335028
6244,44546764
6245,26057690
6246,23614066
6247,708566700
6248,5964108.5
6249,10044578
6250,22431482
6251,79095096
6252,29681428
6253,27777262
6254,243558860
6255,31059982
6256,37421936
6257,111438456
6258,7230980
6259,8088473.5
6260,6932333.5
6261,156544260
6262,34302464
6263,111296376
6264,38606052
6265,9736214
6266,12979796
6267,122784990
6268,8214077.5
6269,105675040
6270,122294744
6271,432253470
6272,67872070
6273,70847576
6274,217810300
6275,74612856
6276,25450780
6277,34184344
6278,12869806
6279,45718348
6280,107904824
6281,17259922
6282,426021540
6283,38776816
6284,136241200
6285,64141890
6286,9329798
6287,12150368
6288,188293090
6289,158168880
6290,4612109
6291,63181176
6292,198117890
6293,470027300
6294,32383528
6295,310016700
6296,16459874
6297,38430304
6298,7396204
6299,6484083
6300,95052100
6301,41181770
6302,18220890
6303,13873042
6304,24620508
6305,166696050
6306,96615870
6307,10008706
6308,18030556
6309,3454102.2
6310,87977960
6311,23301516
6312,29549348
6313,60518530
6314,70854940
6315,7757698
6316,56274360
6317,181673890
6318,70434760
6319,65331468
6320,9486258
6321,169208050
6322,49001620
6323,11746554
6324,7833133
6325,83719610
6326,10466618
6327,24739722
6328,51275612
6329,15984824
6330,13602690
6331,148747090
6332,12456594
6333,16095918
6334,19802944
6335,69048340
6336,60348976
6337,127361740
6338,8915268
6339,76034960
6340,10634436
6341,18605534
6342,63801172
6343,61400980
6344,46978624
6345,62988200
6346,166909580
6347,97045224
6348,40741668
6349,59854948
6350,23789996
6351,120667080
6352,75086660
6353,6717068.5
6354,4791315.5
6355,8474110
6356,30901772
6357,17633874
6358,11913948
6359,7455052.5
6360,20573298
6361,284568200
6362,6291328.5
6363,23156412
6364,38592350
6365,188941520
6366,50913156
6367,15505180
6368,67937890
6369,66447796
6370,93080940
6371,20037454
6372,128168340
6373,14733032
6374,32819052
6375,125359864
6376,29770878
6377,16546394
6378,14703064
6379,327142900
6380,25803190
6381,575354300
6382,56062068
6383,59943980
6384,93628260
6385,15780094
6386,281391170
6387,16705392
6388,11041724
6389,8515980
6390,147772400
6391,11008044
6392,79464280
6393,177204600
6394,434832640
6395,10447276
6396,16332372
6397,13440232
6398,90795730
6399,11557256
6400,45109452
6401,31529156
6402,9010328
6403,9697968
6404,13135470
6405,5281365
6406,22502036
6407,25113896
6408,60863580
6409,143748370
6410,33138178
6411,14139194
6412,93428220
6413,28987344
6414,489358800
6415,3555703.5
6416,13880522
6417,90846280
6418,83128780
6419,32900898
6420,79432320
6421,34856964
6422,9948640
6423,12000802
6424,145213100
6425,35244452
6426,2841633
6427,5139300
6428,15603996
6429,35797840
6430,64783390
6431,155646380
6432,149730820
6433,20571476
6434,20849624
6435,92226400
6436,59259390
6437,17626526
6438,106760240
6439,72066024
6440,98795080
6441,21173676
6442,24182116
6443,36813890
6444,6009598
6445,499527200
6446,316398340
6447,28366632
6448,13035608
6449,24721660
6450,21355128
6451,23413696
6452,55126640
6453,93961990
6454,71467400
6455,56369052
6456,29518850
6457,118982056
6458,5763056
6459,69734424
6460,120891270
6461,107290056
6462,119475120
6463,5660898.5
6464,19523652
6465,57979060
6466,43467776
6467,13657898
6468,8369428.5
6469,28970672
6470,9119392
6471,10406288
6472,146029550
6473,20470344
6474,15474458
6475,7251954.5
6476,253559420
6477,59367536
6478,25044204
6479,230134320
6480,59741480
6481,36200824
6482,13428378
6483,10095554
6484,184106240
6485,118001240
6486,6302946.5
6487,82191940
6488,56846610
6489,9885324
6490,18388448
6491,14230270
6492,23260266
6493,38337216
6494,83532240
6495,19816010
6496,320856900
6497,270108300
6498,50237308
6499,30213394
6500,18207194
6501,7697217
6502,76822904
6503,23685984
6504,28265186
6505,27236516
6506,13731614
6507,11937628
6508,104776150
6509,80744940
6510,14052438
6511,20145554
6512,24688888
6513,45224644
6514,5262284.5
6515,329614300
6516,65417116
6517,4253002.5
6518,29538294
6519,99654470
6520,12389944
6521,244658880
6522,87768290
6523,83704344
6524,41910964
6525,114222770
6526,280234140
6527,10468620
6528,25849558
6529,14243634
6530,94698910
6531,339946.62
6532,28111884
6533,6382858
6534,801198850
6535,17090850
6536,44768396
6537,86050100
6538,41426550
6539,114202070
6540,196059800
6541,70456680
6542,35010588
6543,8820092
6544,23150650
6545,32971594
6546,241868540
6547,20973582
6548,69132350
6549,146647540
6550,91763560
6551,46733770
6552,9812546
6553,8412938
6554,40645864
6555,48278796
6556,66734320
6557,75422440
6558,106791570
6559,37294172
6560,354578530
6561,4475212.5
6562,111480970
6563,23335188
6564,95002370
6565,25817696
6566,58457120
6567,17306142
6568,50625212
6569,11896382
6570,72012600
6571,20530428
6572,5963620
6573,40546764
6574,99978260
6575,14673154
6576,50714708
6577,23735344
6578,54385856
6579,10089050
6580,16072228
6581,64512156
6582,6555795
6583,15497564
6584,13881164
6585,120357210
6586,44913788
6587,85149890
6588,7338412.5
6589,41316280
6590,174490350
6591,49419908
6592,112413550
6593,74834264
6594,102101520
6595,10909334
6596,112824570
6597,4825379
6598,32914266
6599,25317032
6600,120964230
6601,72579200
6602,390050140
6603,53708440
6604,23050862
6605,130025760
6606,15662196
6607,77827400
6608,7054338.5
6609,15708584
6610,30963688
6611,15273976
6612,884963900
6613,62537930
6614,325681280
6615,16316534
6616,172551000
6617,74403880
6618,75090184
6619,17102582
6620,34929284
6621,28022898
6622,121052984
6623,437452000
6624,129560440
6625,57136964
6626,79665950
6627,99916470
6628,11221324
6629,14566150
6630,7071289
6631,4019468
6632,14635078
6633,15660908
6634,41940420
6635,11580242
6636,186823040
6637,74309656
6638,9231974
6639,32790126
6640,66805544
6641,126283940
6642,195584290
6643,11318018
6644,9008728
6645,65385840
6646,83318860
6647,8168172.5
6648,54006892
6649,9142954
6650,26073046
6651,39636470
6652,11728752
6653,64187020
6654,134308640
6655,14988034
6656,71587490
6657,128040640
6658,10020136
6659,25710504
6660,7913329.5
6661,4788480.5
6662,39806400
6663,323267870
6664,12348458
6665,8185983.5
6666,26173456
6667,138174740
6668,40858816
6669,21200312
6670,15301216
6671,82900984
6672,28223020
6673,96747920
6674,348508300
6675,107189540
6676,8148452
6677,2937930.8
6678,13828494
6679,418148580
6680,47632220
6681,656769660
6682,39131216
6683,121383420
6684,3751360.2
6685,10655098
6686,8929984
6687,103741560
6688,34513060
6689,63241476
6690,346333950
6691,12480422
6692,720839740
6693,84111040
6694,43579348
6695,29147164
6696,155489070
6697,32503708
6698,16751000
6699,330293660
6700,225073140
6701,94718900
6702,45104300
6703,44322284
6704,6186676
6705,61681780
6706,74426856
6707,89860370
6708,86071640
6709,19587172
6710,132638340
6711,35168016
6712,106224460
6713,5977407.5
6714,8126071.5
6715,9364306
6716,48826164
6717,303822050
6718,15492054
6719,8863208
6720,19396588
6721,102968340
6722,11555718
6723,128020560
6724,39481944
6725,15331348
6726,72468990
6727,17633982
6728,10058696
6729,25993366
6730,27070946
6731,11838008
6732,14557938
6733,187369980
6734,19505126
6735,70497430
6736,7516976.5
6737,10287706
6738,9068706
6739,26604766
6740,5691609.5
6741,21516794
6742,43293532
6743,78181980
6744,12422094
6745,12601832
6746,47751396
6747,39371376
6748,12192112
6749,9966456
6750,9258352
6751,29628428
6752,115947576
6753,33548594
6754,60459188
6755,16385192
6756,195450530
6757,57301644
6758,17860292
6759,140356930
6760,57841610
6761,35648560
6762,3070347.8
6763,75060740
6764,28247166
6765,194007300
6766,6405077.5
6767,31584296
6768,179313400
6769,26238448
6770,19524290
6771,16939902
6772,23026720
6773,11147464
6774,178026910
6775,269460130
6776,10428354
6777,46801644
6778,74654900
6779,84969290
6780,139733390
6781,6016718
6782,266360110
6783,31822490
6784,13207388
6785,70445730
6786,11315278
6787,13520834
6788,23683642
6789,1605228.8
6790,12468854
6791,68900536
6792,479754430
6793,72262770
6794,11357774
6795,38131784
6796,571876860
6797,122964936
6798,87248136
6799,4721859
6800,101344140
6801,239698240
6802,25255788
6803,267480080
6804,9571386
6805,97437736
6806,21175336
6807,60410108
6808,8589140
6809,89710024
6810,16281654
6811,88807330
6812,11583364
6813,109393500
6814,23748048
6815,69459760
6816,24493562
6817,6904030.5
6818,4735358
6819,103761180
6820,62769696
6821,20547012
6822,51797970
6823,113924024
6824,220293200
6825,33228200
6826,54128356
6827,10184184
6828,5818696
6829,13940214
6830,43876976
6831,123221624
6832,43997900
6833,18829910
6834,6651199.5
6835,147659070
6836,4562373.5
6837,241671900
6838,18105944
6839,19568338
6840,34518580
6841,26509592
6842,16221552
6843,18092390
6844,232144020
6845,44145464
6846,153285420
6847,15373310
6848,34637588
6849,18765486
6850,83755016
6851,208857840
6852,24622998
6853,7360147.5
6854,13030052
6855,36347080
6856,5195020.5
6857,42495270
6858,11585396
6859,35356156
6860,37088250
6861,36655000
6862,61352484
6863,278495360
6864,15116014
6865,25948254
6866,97143530
6867,34883924
6868,901554560
6869,53426604
6870,10739142
6871,68743420
6872,4968386.5
6873,37490036
6874,86920550
6875,3188621.5
6876,54301616
6877,64660588
6878,8336810
6879,48516080
6880,14924484
6881,15242514
6882,78707280
6883,88721280
6884,203452930
6885,34446428
6886,7820876.5
6887,36927844
6888,74827760
6889,10544130
6890,38612976
6891,79293420
6892,222763280
6893,184800400
6894,43202656
6895,11194080
6896,11150380
6897,18260980
6898,24702732
6899,11824076
6900,98730750
6901,59226690
6902,13353746
6903,29779252
6904,135029800
6905,89080410
6906,201218200
6907,25723346
6908,14003088
6909,6932815
6910,36000530
6911,9224142
6912,35570556
6913,705177600
6914,275883970
6915,18645584
6916,34328204
6917,738568450
6918,114502550
6919,13589656
6920,165829150
6921,210369100
6922,35877596
6923,19221236
6924,50551916
6925,30190334
6926,23117668
6927,7114593.5
6928,47646716
6929,60835240
6930,182785310
6931,22596822
6932,39407240
6933,3611612.2
6934,140571100
6935,7494840
6936,50835572
6937,265892240
6938,11726176
6939,91880740
6940,126459860
6941,203075070
6942,93284990
6943,5726188.5
6944,149645970
6945,18230348
6946,70909420
6947,13114164
6948,22609232
6949,117165256
6950,403599900
6951,7108206
6952,24456718
6953,42777980
6954,37355416
6955,56181376
6956,6220762.5
6957,18055398
6958,9483162
6959,8992414
6960,63476740
6961,42270772
6962,176184960
6963,26286430
6964,48517236
6965,7830086
6966,122789784
6967,103829460
6968,8678390
6969,8889846
6970,17119176
6971,178161000
6972,8354246.5
6973,56330304
6974,63703172
6975,33447842
6976,17129258
6977,10027284
6978,7831591
6979,142811280
6980,31418206
6981,13608052
6982,73700800
6983,9820060
6984,108489784
6985,310951040
6986,44661104
6987,14334462
6988,20957522
6989,11668940
6990,400731550
6991,4569515.5
6992,9416746
6993,15140372
6994,3890581.8
6995,53636044
6996,103252720
6997,5647983
6998,75355210
6999,110548600
7000,10103296
7001,3379119.5
7002,16424844
7003,19244542
7004,182349920
7005,21362332
7006,9914764
7007,11344840
7008,69552510
7009,16147660
7010,32377028
7011,12477096
7012,8175484
7013,11101476
7014,7941301
7015,190944030
7016,185633220
7017,28054380
7018,16795972
7019,49183612
7020,45830336
7021,48582230
7022,121498490
7023,85773496
7024,8284012.5
7025,16919744
7026,135272060
7027,100336790
7028,3035621.8
7029,44631052
7030,85510160
7031,119479980
7032,38635120
7033,42231184
7034,34195620
7035,32100046
7036,18338980
7037,5836223
7038,12452954
7039,64933800
7040,32149784
7041,75137816
7042,75698280
7043,5628187.5
7044,42973600
7045,38809920
7046,99158824
7047,299588860
7048,16304520
7049,53321616
7050,6081725
7051,5099049.5
7052,76468070
7053,34062264
7054,80393700
7055,92680670
7056,210113730
7057,21288452
7058,14726354
7059,60196076
7060,18026496
7061,43688196
7062,43590816
7063,15144090
7064,148702610
7065,49748388
7066,9435780
7067,7266281.5
7068,93010160
7069,18829378
7070,110485110
7071,225713810
7072,5778873.5
7073,37795628
7074,13615764
7075,28919922
7076,118774340
7077,94779096
7078,67587380
7079,36341748
7080,15232110
7081,29584830
7082,13783522
7083,2996314
7084,63343388
7085,16398660
7086,26320056
7087,151300450
7088,92462936
7089,10079192
7090,16987758
7091,64332076
7092,360178050
7093,81410070
7094,75134936
7095,3122129.2
7096,68033480
7097,135168910
7098,42594180
7099,135877760
7100,27230854
7101,32453744
7102,12790948
7103,27192284
7104,17385672
7105,70050470
7106,53824104
7107,72032700
7108,78821000
7109,73415960
7110,2727234.2
7111,66618764
7112,117586664
7113,139365470
7114,20017512
7115,56020180
7116,16055638
7117,3911451.5
7118,50761468
7119,49284160
7120,10202620
7121,5466228.5
7122,7927316
7123,5950917
7124,747261060
7125,183148590
7126,340456160
7127,84050550
7128,12942028
7129,22633752
7130,16220212
7131,5736912
7132,113657190
7133,101508970
7134,77843350
7135,83158200
7136,60835024
7137,34579720
7138,21670900
7139,7401254.5
7140,139865000
7141,4921798
7142,32126710
7143,78958264
7144,10245488
7145,46353924
7146,15135416
7147,109777480
7148,64156430
7149,51393550
7150,21147864
7151,44688824
7152,63098400
7153,12429136
7154,63696964
7155,268872320
7156,20420824
7157,134097140
7158,3372590
7159,10063996
7160,9142708
7161,61946600
7162,333115700
7163,45130864
7164,6287363
7165,240177440
7166,26734724
7167,8238782
7168,20429496
7169,11883702
7170,63768868
7171,61870710
7172,12943942
7173,17708712
7174,17669402
7175,12628850
7176,27284290
7177,53741056
7178,102062910
7179,105211310
7180,4336062.5
7181,15969922
7182,79623580
7183,12743512
7184,1325365500
7185,19913966
7186,40660364
7187,95077280
7188,129612104
7189,29817310
7190,11829252
7191,6325768.5
7192,50447016
7193,19855798
7194,235656420
7195,43120228
7196,33001510
7197,33714628
7198,8632498
7199,27647366
7200,63351404
7201,19648716
7202,41287000
7203,4629043.5
7204,64482880
7205,211948700
7206,99436510
7207,478290100
7208,33220148
7209,17533792
7210,13652204
7211,5678762
7212,15875144
7213,33195858
7214,263377390
7215,74816570
7216,171999140
7217,6226266.5
7218,69773610
7219,94389050
7220,54957224
7221,31586518
7222,93515910
7223,28471280
7224,27843796
7225,7660600.5
7226,57798460
7227,72702070
7228,20715656
7229,45069256
7230,16618284
7231,19825252
7232,303635870
7233,145532480
7234,200332480
7235,64198732
7236,141316220
7237,25275484
7238,36323110
7239,1078963000
7240,48764276
7241,147802240
7242,75321704
7243,21063322
7244,36315280
7245,17156986
7246,20405684
7247,71454930
7248,148648260
7249,13837622
7250,6514160.5
7251,74586810
7252,28561024
7253,43624690
7254,88516910
7255,29058866
7256,41998284
7257,21220666
7258,84547950
7259,12547304
7260,7351486.5
7261,493911330
7262,3920244.8
7263,66075736
7264,22835374
7265,12429486
7266,66970064
7267,6025941
7268,27994088
7269,103225510
7270,185437380
7271,9344604
7272,21207254
7273,10421152
7274,4883365
7275,31171938
7276,24700178
7277,225886480
7278,319663650
7279,221748220
7280,95535070
7281,64950150
7282,79686930
7283,132335096
7284,1060855.2
7285,67151050
7286,221346910
7287,22902828
7288,23181254
7289,83592620
7290,44992664
7291,30710090
7292,16233110
7293,30483900
7294,9886418
7295,65386064
7296,9797022
7297,46141076
7298,18211884
7299,8836784
7300,8162890
7301,81425610
7302,20723874
7303,9427028
7304,27475826
7305,10913210
7306,538701900
7307,5935134
7308,14264158
7309,74695320
7310,15197968
7311,17187336
7312,110989336
7313,236826200
7314,7849664.5
7315,18078862
7316,30545732
7317,15728518
7318,73331890
7319,22155438
7320,330042240
7321,5554135
7322,6920287
7323,68956560
7324,24003430
7325,249080780
7326,283185760
7327,13013806
7328,61085144
7329,110910260
7330,301341200
7331,94312456
7332,70338730
7333,70974500
7334,127763016
7335,108539460
7336,108782180
7337,49865456
7338,68470940
7339,59282030
7340,13502360
7341,10241686
7342,88103290
7343,17944206
7344,11245156
7345,19162592
7346,20525954
7347,28866310
7348,10482484
7349,66609610
7350,36812936
7351,57416904
7352,6490794.5
7353,90089340
7354,13461148
7355,62131810
7356,45598680
7357,32629410
7358,22216978
7359,104470030
7360,35499216
7361,3410531.2
7362,172919360
7363,610076800
7364,3507867.8
7365,80728024
7366,59146080
7367,17670230
7368,34806544
7369,34583548
7370,62259104
7371,8150709
7372,91536904
7373,530921060
7374,27356686
7375,192736880
7376,4933397
7377,22483810
7378,102780840
7379,91083920
7380,14995194
7381,63985830
7382,31658586
7383,9154008
7384,28351930
7385,49729132
7386,100144104
7387,7300469.5
7388,21169110
7389,8550910
7390,4800136.5
7391,12115732
7392,20347678
7393,706521660
7394,98123270
7395,46073784
7396,60200548
7397,105698904
7398,2396801.8
